{"cameraMode":{"drawMode":0,"name":"Shaded","section":"Shading Mode"},"sceneLighting":false,"audioPlay":false,"sceneViewState":{"showFog":true,"showMaterialUpdate":false,"showSkybox":false,"showFlares":true,"showImageEffects":true,"showParticleSystems":true},"in2DMode":false,"pivot":{"x":-373.667724609375,"y":223.509033203125,"z":-186.59738159179688},"rotation":{"x":0.0034375875256955625,"y":0.9960935115814209,"z":-0.08088205754756928,"w":0.04820670932531357},"size":1.6196306943893433,"orthographic":false}