{"cameraMode":{"drawMode":0,"name":"Shaded","section":"Shading Mode"},"sceneLighting":false,"audioPlay":false,"sceneViewState":{"showFog":true,"showMaterialUpdate":false,"showSkybox":false,"showFlares":true,"showImageEffects":true,"showParticleSystems":true},"in2DMode":false,"pivot":{"x":1.296205759048462,"y":-0.9256749153137207,"z":1.480878472328186},"rotation":{"x":-0.24445144832134248,"y":-0.5244036912918091,"z":0.16112299263477326,"w":-0.8000717163085938},"size":1.6716160774230958,"orthographic":false}