{"cameraMode":{"drawMode":0,"name":"Shaded","section":"Shading Mode"},"sceneLighting":false,"audioPlay":false,"sceneViewState":{"showFog":true,"showMaterialUpdate":false,"showSkybox":false,"showFlares":true,"showImageEffects":true,"showParticleSystems":true},"in2DMode":false,"pivot":{"x":1.087170958518982,"y":0.9548645615577698,"z":0.03453708812594414},"rotation":{"x":0.16425979137420655,"y":-0.6929877996444702,"z":0.16694214940071107,"w":0.68184894323349},"size":1.9716160297393799,"orthographic":false}