{"cameraMode":{"drawMode":0,"name":"Shaded","section":"Shading Mode"},"sceneLighting":false,"audioPlay":false,"sceneViewState":{"showFog":true,"showMaterialUpdate":false,"showSkybox":false,"showFlares":true,"showImageEffects":true,"showParticleSystems":true},"in2DMode":false,"pivot":{"x":-2.2608118057250978,"y":-0.5194213390350342,"z":0.38380950689315798},"rotation":{"x":0.14783592522144319,"y":-0.7055279016494751,"z":0.15436331927776338,"w":0.6756855249404907},"size":5.16747522354126,"orthographic":false}