{"cameraMode":{"drawMode":0,"name":"Shaded","section":"Shading Mode"},"sceneLighting":false,"audioPlay":false,"sceneViewState":{"showFog":true,"showMaterialUpdate":false,"showSkybox":false,"showFlares":true,"showImageEffects":true,"showParticleSystems":true},"in2DMode":false,"pivot":{"x":299.563720703125,"y":112.12092590332031,"z":-106.9859848022461},"rotation":{"x":0.16605952382087708,"y":-0.5810665488243103,"z":0.1212308332324028,"w":0.7879331707954407},"size":1116.604736328125,"orthographic":false}