{"cameraMode":{"drawMode":0,"name":"Shaded","section":"Shading Mode"},"sceneLighting":false,"audioPlay":false,"sceneViewState":{"showFog":true,"showMaterialUpdate":false,"showSkybox":false,"showFlares":true,"showImageEffects":true,"showParticleSystems":true},"in2DMode":false,"pivot":{"x":1.3040677309036255,"y":-0.22695739567279817,"z":0.13362815976142884},"rotation":{"x":0.1410660743713379,"y":0.6341871023178101,"z":-0.11968271434307099,"w":0.7511784434318543},"size":2.245368242263794,"orthographic":false}