{"cameraMode":{"drawMode":0,"name":"Shaded","section":"Shading Mode"},"sceneLighting":false,"audioPlay":false,"sceneViewState":{"showFog":true,"showMaterialUpdate":false,"showSkybox":false,"showFlares":true,"showImageEffects":true,"showParticleSystems":true},"in2DMode":false,"pivot":{"x":656.8121948242188,"y":418.3835754394531,"z":-222.1090850830078},"rotation":{"x":0.13660304248332978,"y":0.7101337313652039,"z":-0.14358265697956086,"w":0.6756236553192139},"size":2.065115213394165,"orthographic":false}