{"cameraMode":{"drawMode":0,"name":"Shaded","section":"Shading Mode"},"sceneLighting":false,"audioPlay":false,"sceneViewState":{"showFog":true,"showMaterialUpdate":false,"showSkybox":false,"showFlares":true,"showImageEffects":true,"showParticleSystems":true},"in2DMode":false,"pivot":{"x":299.6750183105469,"y":111.70000457763672,"z":-105.42499542236328},"rotation":{"x":-0.1195022463798523,"y":0.5479777455329895,"z":-0.07945457845926285,"w":-0.8241164088249207},"size":1114.827880859375,"orthographic":false}