{"cameraMode":{"drawMode":0,"name":"Shaded","section":"Shading Mode"},"sceneLighting":false,"audioPlay":false,"sceneViewState":{"showFog":true,"showMaterialUpdate":false,"showSkybox":false,"showFlares":true,"showImageEffects":true,"showParticleSystems":true},"in2DMode":false,"pivot":{"x":669.5086059570313,"y":416.32025146484377,"z":-32.309242248535159},"rotation":{"x":-0.01839977130293846,"y":-0.9766193628311157,"z":0.19289202988147736,"w":-0.09315898269414902},"size":2.6698074340820314,"orthographic":false}