{"cameraMode":{"drawMode":0,"name":"Shaded","section":"Shading Mode"},"sceneLighting":false,"audioPlay":false,"sceneViewState":{"showFog":true,"showMaterialUpdate":false,"showSkybox":false,"showFlares":true,"showImageEffects":true,"showParticleSystems":true},"in2DMode":false,"pivot":{"x":0.7518565058708191,"y":0.1429913192987442,"z":4.349132061004639},"rotation":{"x":-0.045846667140722278,"y":0.8535993695259094,"z":-0.07737119495868683,"w":-0.5142561197280884},"size":0.45788395404815676,"orthographic":false}