{"cameraMode":{"drawMode":0,"name":"Shaded","section":"Shading Mode"},"sceneLighting":false,"audioPlay":false,"sceneViewState":{"showFog":true,"showMaterialUpdate":false,"showSkybox":false,"showFlares":true,"showImageEffects":true,"showParticleSystems":true},"in2DMode":false,"pivot":{"x":300.304931640625,"y":111.59009552001953,"z":-105.79776763916016},"rotation":{"x":-0.014257824048399926,"y":0.9815101623535156,"z":-0.17403574287891389,"w":-0.07963945716619492},"size":1116.9444580078125,"orthographic":false}