{"cameraMode":{"drawMode":0,"name":"Shaded","section":"Shading Mode"},"sceneLighting":false,"audioPlay":false,"sceneViewState":{"showFog":true,"showMaterialUpdate":false,"showSkybox":false,"showFlares":true,"showImageEffects":true,"showParticleSystems":true},"in2DMode":false,"pivot":{"x":660.368408203125,"y":424.828857421875,"z":-311.0335693359375},"rotation":{"x":0.02620779536664486,"y":0.9734140634536743,"z":-0.1741161048412323,"w":0.14651815593242646},"size":1.3263928890228272,"orthographic":false}