{"cameraMode":{"drawMode":0,"name":"Shaded","section":"Shading Mode"},"sceneLighting":false,"audioPlay":false,"sceneViewState":{"showFog":true,"showMaterialUpdate":false,"showSkybox":false,"showFlares":true,"showImageEffects":true,"showParticleSystems":true},"in2DMode":false,"pivot":{"x":0.0038736462593078615,"y":-0.14600586891174317,"z":1.1801396608352662},"rotation":{"x":0.2888529598712921,"y":0.33411216735839846,"z":-0.10816589742898941,"w":0.89081871509552},"size":1.1027469635009766,"orthographic":false}