{"cameraMode":{"drawMode":0,"name":"Shaded","section":"Shading Mode"},"sceneLighting":false,"audioPlay":false,"sceneViewState":{"showFog":true,"showMaterialUpdate":false,"showSkybox":false,"showFlares":true,"showImageEffects":true,"showParticleSystems":true},"in2DMode":false,"pivot":{"x":0.0,"y":0.1669015884399414,"z":0.1499999761581421},"rotation":{"x":0.00994448084384203,"y":0.9703232049942017,"z":-0.23837760090827943,"w":0.04045385494828224},"size":8.691609382629395,"orthographic":false}