{"cameraMode":{"drawMode":0,"name":"Shaded","section":"Shading Mode"},"sceneLighting":true,"audioPlay":false,"sceneViewState":{"showFog":true,"showMaterialUpdate":false,"showSkybox":false,"showFlares":true,"showImageEffects":true,"showParticleSystems":true},"in2DMode":false,"pivot":{"x":18.28656768798828,"y":-3.097348690032959,"z":-6.045401096343994},"rotation":{"x":0.1072683036327362,"y":0.7256248593330383,"z":-0.11456518620252609,"w":0.6708279848098755},"size":24.006223678588868,"orthographic":false}