{"cameraMode":{"drawMode":0,"name":"Shaded","section":"Shading Mode"},"sceneLighting":false,"audioPlay":false,"sceneViewState":{"showFog":true,"showMaterialUpdate":false,"showSkybox":false,"showFlares":true,"showImageEffects":true,"showParticleSystems":true},"in2DMode":false,"pivot":{"x":-1.9687868356704713,"y":3.72571063041687,"z":5.104213714599609},"rotation":{"x":-0.05379512161016464,"y":-0.9413945078849793,"z":0.27899548411369326,"w":-0.18363122642040254},"size":0.00005715767838410102,"orthographic":false}