{"cameraMode":{"drawMode":0,"name":"Shaded","section":"Shading Mode"},"sceneLighting":false,"audioPlay":false,"sceneViewState":{"showFog":true,"showMaterialUpdate":false,"showSkybox":false,"showFlares":true,"showImageEffects":true,"showParticleSystems":true},"in2DMode":false,"pivot":{"x":1.15985107421875,"y":-0.6698150634765625,"z":-0.7485501766204834},"rotation":{"x":-0.11984578520059586,"y":0.5577750205993652,"z":-0.08162562549114227,"w":-0.8173487782478333},"size":9.998265266418457,"orthographic":false}