{"cameraMode":{"drawMode":0,"name":"Shaded","section":"Shading Mode"},"sceneLighting":false,"audioPlay":false,"sceneViewState":{"showFog":true,"showMaterialUpdate":false,"showSkybox":false,"showFlares":true,"showImageEffects":true,"showParticleSystems":true},"in2DMode":false,"pivot":{"x":-0.5454741716384888,"y":-0.42744019627571108,"z":-0.3592091500759125},"rotation":{"x":-0.07210558652877808,"y":0.9207030534744263,"z":-0.20818360149860383,"w":-0.32400020956993105},"size":1.9134385585784913,"orthographic":false}