{"cameraMode":{"drawMode":0,"name":"Shaded","section":"Shading Mode"},"sceneLighting":false,"audioPlay":false,"sceneViewState":{"showFog":true,"showMaterialUpdate":false,"showSkybox":false,"showFlares":true,"showImageEffects":true,"showParticleSystems":true},"in2DMode":false,"pivot":{"x":-0.1844683736562729,"y":-0.08956922590732575,"z":1.328823447227478},"rotation":{"x":0.10480167716741562,"y":0.5346165299415588,"z":-0.06667108833789826,"w":0.8362166285514832},"size":0.7716161608695984,"orthographic":false}