{"cameraMode":{"drawMode":0,"name":"Shaded","section":"Shading Mode"},"sceneLighting":false,"audioPlay":false,"sceneViewState":{"showFog":true,"showMaterialUpdate":false,"showSkybox":false,"showFlares":true,"showImageEffects":true,"showParticleSystems":true},"in2DMode":false,"pivot":{"x":-4.401620864868164,"y":-3.1354150772094728,"z":-1.90103280544281},"rotation":{"x":0.10101236402988434,"y":-0.6693370938301086,"z":0.0925082340836525,"w":0.7302802205085754},"size":1.1027474403381348,"orthographic":false}