{"cameraMode":{"drawMode":0,"name":"Shaded","section":"Shading Mode"},"sceneLighting":true,"audioPlay":false,"sceneViewState":{"showFog":true,"showMaterialUpdate":false,"showSkybox":false,"showFlares":true,"showImageEffects":true,"showParticleSystems":true},"in2DMode":false,"pivot":{"x":-13.979084968566895,"y":-1.595874309539795,"z":-5.825897216796875},"rotation":{"x":0.11009581387042999,"y":-0.6933159232139587,"z":0.10976234823465347,"w":0.704505205154419},"size":32.00830078125,"orthographic":false}