{"cameraMode":{"drawMode":0,"name":"Shaded","section":"Shading Mode"},"sceneLighting":false,"audioPlay":false,"sceneViewState":{"showFog":true,"showMaterialUpdate":false,"showSkybox":false,"showFlares":true,"showImageEffects":true,"showParticleSystems":true},"in2DMode":false,"pivot":{"x":-616.7308349609375,"y":393.7293395996094,"z":362.37744140625},"rotation":{"x":0.1518709808588028,"y":0.8215792179107666,"z":-0.2568497359752655,"w":0.4858035147190094},"size":0.7578839659690857,"orthographic":false}