{"cameraMode":{"drawMode":0,"name":"Shaded","section":"Shading Mode"},"sceneLighting":false,"audioPlay":false,"sceneViewState":{"showFog":true,"showMaterialUpdate":false,"showSkybox":false,"showFlares":true,"showImageEffects":true,"showParticleSystems":true},"in2DMode":false,"pivot":{"x":0.1082572340965271,"y":0.5771784782409668,"z":-1.4901161193847657e-8},"rotation":{"x":0.10377329587936402,"y":-0.09175094962120056,"z":0.0095605393871665,"w":0.9903553128242493},"size":3.3498375415802,"orthographic":false}