{"cameraMode":{"drawMode":0,"name":"Shaded","section":"Shading Mode"},"sceneLighting":false,"audioPlay":false,"sceneViewState":{"showFog":true,"showMaterialUpdate":false,"showSkybox":false,"showFlares":true,"showImageEffects":true,"showParticleSystems":true},"in2DMode":false,"pivot":{"x":298.8543701171875,"y":111.76200103759766,"z":-103.74333190917969},"rotation":{"x":-0.11730927973985672,"y":0.7517704963684082,"z":-0.13912789523601533,"w":-0.6338485479354858},"size":1110.7427978515625,"orthographic":false}