{"cameraMode":{"drawMode":0,"name":"Shaded","section":"Shading Mode"},"sceneLighting":false,"audioPlay":false,"sceneViewState":{"showFog":true,"showMaterialUpdate":false,"showSkybox":false,"showFlares":true,"showImageEffects":true,"showParticleSystems":true},"in2DMode":false,"pivot":{"x":448.39990234375,"y":121.568603515625,"z":446.8666076660156},"rotation":{"x":-0.15553519129753114,"y":0.48262664675712588,"z":-0.08586864918470383,"w":-0.8583184480667114},"size":1121.1019287109375,"orthographic":false}