{"cameraMode":{"drawMode":0,"name":"Shaded","section":"Shading Mode"},"sceneLighting":false,"audioPlay":false,"sceneViewState":{"showFog":true,"showMaterialUpdate":false,"showSkybox":false,"showFlares":true,"showImageEffects":true,"showParticleSystems":true},"in2DMode":false,"pivot":{"x":-0.38808777928352358,"y":1.8200500011444092,"z":0.9169835448265076},"rotation":{"x":-0.07878974825143814,"y":-0.850497305393219,"z":0.503022313117981,"w":-0.13450682163238526},"size":0.00005715767838410102,"orthographic":false}