{"cameraMode":{"drawMode":0,"name":"Shaded","section":"Shading Mode"},"sceneLighting":false,"audioPlay":false,"sceneViewState":{"showFog":true,"showMaterialUpdate":false,"showSkybox":false,"showFlares":true,"showImageEffects":true,"showParticleSystems":true},"in2DMode":false,"pivot":{"x":618.080810546875,"y":230.7299346923828,"z":-228.9199981689453},"rotation":{"x":-0.09990131855010987,"y":0.677386462688446,"z":-0.09469103813171387,"w":-0.7234538793563843},"size":0.00007121131056919694,"orthographic":false}