{"cameraMode":{"drawMode":0,"name":"Shaded","section":"Shading Mode"},"sceneLighting":false,"audioPlay":false,"sceneViewState":{"showFog":true,"showMaterialUpdate":false,"showSkybox":false,"showFlares":true,"showImageEffects":true,"showParticleSystems":true},"in2DMode":false,"pivot":{"x":1.4503716230392457,"y":-0.5879152417182922,"z":0.995500922203064},"rotation":{"x":0.17083437740802766,"y":0.48446613550186159,"z":-0.09766214340925217,"w":0.8527924418449402},"size":2.607515811920166,"orthographic":false}