{"cameraMode":{"drawMode":0,"name":"Shaded","section":"Shading Mode"},"sceneLighting":false,"audioPlay":false,"sceneViewState":{"showFog":true,"showMaterialUpdate":false,"showSkybox":false,"showFlares":true,"showImageEffects":true,"showParticleSystems":true},"in2DMode":false,"pivot":{"x":597.4365844726563,"y":223.99966430664063,"z":-208.86680603027345},"rotation":{"x":-0.12021967023611069,"y":0.6691558957099915,"z":-0.11206652969121933,"w":-0.7255361676216126},"size":22.0,"orthographic":false}