{"cameraMode":{"drawMode":0,"name":"Shaded","section":"Shading Mode"},"sceneLighting":false,"audioPlay":false,"sceneViewState":{"showFog":true,"showMaterialUpdate":false,"showSkybox":false,"showFlares":true,"showImageEffects":true,"showParticleSystems":true},"in2DMode":false,"pivot":{"x":0.5570068359375,"y":-0.32534080743789675,"z":1.1989898681640626},"rotation":{"x":0.11966236680746079,"y":-0.16833359003067017,"z":0.01955578103661537,"w":0.9786261320114136},"size":0.7716161012649536,"orthographic":false}