{"cameraMode":{"drawMode":0,"name":"Shaded","section":"Shading Mode"},"sceneLighting":false,"audioPlay":false,"sceneViewState":{"showFog":true,"showMaterialUpdate":false,"showSkybox":false,"showFlares":true,"showImageEffects":true,"showParticleSystems":true},"in2DMode":false,"pivot":{"x":0.3494432866573334,"y":-0.12352140992879868,"z":0.3934779465198517},"rotation":{"x":0.24386246502399445,"y":-0.3478353023529053,"z":0.09312992542982102,"w":0.9008890986442566},"size":2.8578836917877199,"orthographic":false}