{"cameraMode":{"drawMode":0,"name":"Shaded","section":"Shading Mode"},"sceneLighting":false,"audioPlay":false,"sceneViewState":{"showFog":true,"showMaterialUpdate":false,"showSkybox":false,"showFlares":true,"showImageEffects":true,"showParticleSystems":true},"in2DMode":false,"pivot":{"x":1.062999963760376,"y":-0.41431358456611636,"z":1.2099087238311768},"rotation":{"x":0.07476034760475159,"y":-0.0814870297908783,"z":0.005474771372973919,"w":0.9942376613616943},"size":2.197547435760498,"orthographic":false}