{"cameraMode":{"drawMode":0,"name":"Shaded","section":"Shading Mode"},"sceneLighting":false,"audioPlay":false,"sceneViewState":{"showFog":true,"showMaterialUpdate":false,"showSkybox":false,"showFlares":true,"showImageEffects":true,"showParticleSystems":true},"in2DMode":false,"pivot":{"x":11.905776023864746,"y":-0.7862321138381958,"z":-29.46508026123047},"rotation":{"x":0.005049010738730431,"y":0.9896098971366882,"z":-0.14499062299728394,"w":0.028956430032849313},"size":10.689836502075196,"orthographic":false}